Lassi,Panner,Sweet
Lassi,Tea Powder
Lassi,Sweet
Ghee,Lassi
Coffee Powder,Lassi
Butter,Tea Powder
Coffee Powder,Ghee
Cheese,Tea Powder
Butter,Panner
Lassi,Yougurt
Cheese,Panner
Bread,Coffee Powder
Bread,Lassi
Butter,Sweet
Bread,Ghee
Cheese,Sweet
Panner,Tea Powder
Milk,Sugar
Coffee Powder,Milk
Butter,Yougurt
Panner,Sweet
Ghee,Milk
Cheese,Yougurt
Butter,Cheese
Ghee,Sugar
Coffee Powder,Sugar
Bread,Milk
Bread,Sugar
Panner,Yougurt
Sugar,Tea Powder
Butter,Coffee Powder
Butter,Lassi
Sweet,Tea Powder
Cheese,Lassi
Sugar,Sweet
Cheese,Coffee Powder
Butter,Ghee
Cheese,Ghee
Milk,Tea Powder
Lassi,Milk
Sweet,Yougurt
Sugar,Yougurt
Milk,Panner
Lassi,Sugar
Milk,Sweet
Butter,Milk
Cheese,Milk
Coffee Powder,Tea Powder
Tea Powder,Yougurt
Ghee,Panner
Coffee Powder,Panner
Milk,Yougurt
Ghee,Tea Powder
Ghee,Sweet
Butter,Sugar
Coffee Powder,Sweet
Cheese,Sugar
Bread,Panner
Bread,Tea Powder
Bread,Sweet
Bread,Butter
Panner,Sugar
Ghee,Yougurt
Coffee Powder,Yougurt
Bread,Yougurt
Bread,Cheese
Lassi,Panner
